<?xml version="1.0" encoding="UTF-8"?><TaskState connectorKind="redmineV2" repositoryUrl="http://pris2grupo6-pis115eq3.rhcloud.com" taskId="2" version="2.0">
<NewData connectorKind="redmineV2" repositoryUrl="http://pris2grupo6-pis115eq3.rhcloud.com" taskId="2">
<Attributes>
<Attribute id="root">
<values/>
<options/>
<MetaData/>
<Attributes>
<Attribute id="task.common.summary">
<values>
<value>prueba peticion</value>
</values>
<options/>
<MetaData>
<meta>
<key>task.meta.type</key>
<value>shortText</value>
</meta>
<meta>
<key>task.meta.label</key>
<value>Summary:</value>
</meta>
<meta>
<key>task.meta.readOnly</key>
<value>false</value>
</meta>
</MetaData>
<Attributes/>
</Attribute>
<Attribute id="task.common.description">
<values>
<value>es una petición de prueba para ver integracion de mylyn y eclipse con redmine</value>
</values>
<options/>
<MetaData>
<meta>
<key>task.meta.type</key>
<value>longRichText</value>
</meta>
<meta>
<key>task.meta.label</key>
<value>Description:</value>
</meta>
<meta>
<key>task.meta.readOnly</key>
<value>false</value>
</meta>
</MetaData>
<Attributes/>
</Attribute>
<Attribute id="task.common.priority">
<values>
<value>2</value>
</values>
<options>
<option>
<key>1</key>
<value>Baja</value>
</option>
<option>
<key>2</key>
<value>Normal</value>
</option>
<option>
<key>3</key>
<value>Alta</value>
</option>
<option>
<key>4</key>
<value>Urgente</value>
</option>
<option>
<key>5</key>
<value>Inmediata</value>
</option>
</options>
<MetaData>
<meta>
<key>task.meta.type</key>
<value>singleSelect</value>
</meta>
<meta>
<key>task.meta.label</key>
<value>Priority:</value>
</meta>
<meta>
<key>task.meta.readOnly</key>
<value>false</value>
</meta>
</MetaData>
<Attributes/>
</Attribute>
<Attribute id="task.common.product">
<values>
<value>1</value>
</values>
<options>
<option>
<key>1</key>
<value>proyecto1grupo6</value>
</option>
</options>
<MetaData>
<meta>
<key>task.meta.type</key>
<value>singleSelect</value>
</meta>
<meta>
<key>task.meta.attributeKind</key>
<value>task.common.kind.default</value>
</meta>
<meta>
<key>task.meta.label</key>
<value>Project:</value>
</meta>
<meta>
<key>task.meta.readOnly</key>
<value>true</value>
</meta>
</MetaData>
<Attributes/>
</Attribute>
<Attribute id="task.redmine.parent">
<values>
<value/>
</values>
<options/>
<MetaData>
<meta>
<key>task.meta.type</key>
<value>parenttask</value>
</meta>
<meta>
<key>task.meta.attributeKind</key>
<value>task.common.kind.default</value>
</meta>
<meta>
<key>task.meta.label</key>
<value>Parent:</value>
</meta>
<meta>
<key>task.meta.readOnly</key>
<value>false</value>
</meta>
</MetaData>
<Attributes/>
</Attribute>
<Attribute id="task.redmine.subtasks">
<values/>
<options/>
<MetaData>
<meta>
<key>task.meta.type</key>
<value>taskDepenedency</value>
</meta>
<meta>
<key>task.meta.attributeKind</key>
<value>task.common.kind.default</value>
</meta>
<meta>
<key>task.meta.label</key>
<value>Subtasks:</value>
</meta>
<meta>
<key>task.meta.readOnly</key>
<value>true</value>
</meta>
</MetaData>
<Attributes/>
</Attribute>
<Attribute id="task.redmine.tracker">
<values>
<value>2</value>
</values>
<options>
<option>
<key>1</key>
<value>Errores</value>
</option>
<option>
<key>2</key>
<value>Tareas</value>
</option>
<option>
<key>3</key>
<value>Soporte</value>
</option>
</options>
<MetaData>
<meta>
<key>task.meta.type</key>
<value>singleSelect</value>
</meta>
<meta>
<key>task.meta.attributeKind</key>
<value>task.common.kind.default</value>
</meta>
<meta>
<key>task.meta.label</key>
<value>Tracker:</value>
</meta>
<meta>
<key>task.meta.readOnly</key>
<value>false</value>
</meta>
</MetaData>
<Attributes/>
</Attribute>
<Attribute id="task.common.user.reporter">
<values>
<value>4</value>
</values>
<options/>
<MetaData>
<meta>
<key>task.meta.type</key>
<value>person</value>
</meta>
<meta>
<key>task.meta.attributeKind</key>
<value>task.common.kind.people</value>
</meta>
<meta>
<key>task.meta.label</key>
<value>Reporter:</value>
</meta>
<meta>
<key>task.meta.readOnly</key>
<value>true</value>
</meta>
</MetaData>
<Attributes/>
</Attribute>
<Attribute id="task.common.date.created">
<values>
<value>1457434403000</value>
</values>
<options/>
<MetaData>
<meta>
<key>task.meta.type</key>
<value>date</value>
</meta>
<meta>
<key>task.meta.label</key>
<value>Submitted:</value>
</meta>
<meta>
<key>task.meta.readOnly</key>
<value>true</value>
</meta>
</MetaData>
<Attributes/>
</Attribute>
<Attribute id="task.common.date.modified">
<values>
<value>1457434403000</value>
</values>
<options/>
<MetaData>
<meta>
<key>task.meta.type</key>
<value>date</value>
</meta>
<meta>
<key>task.meta.label</key>
<value>Last Modification:</value>
</meta>
<meta>
<key>task.meta.readOnly</key>
<value>true</value>
</meta>
</MetaData>
<Attributes/>
</Attribute>
<Attribute id="task.common.comment.new">
<values/>
<options/>
<MetaData>
<meta>
<key>task.meta.type</key>
<value>longRichText</value>
</meta>
<meta>
<key>task.meta.label</key>
<value>Comment:</value>
</meta>
<meta>
<key>task.meta.readOnly</key>
<value>false</value>
</meta>
</MetaData>
<Attributes/>
</Attribute>
<Attribute id="task.common.status">
<values>
<value>1</value>
</values>
<options>
<option>
<key>1</key>
<value>Nueva</value>
</option>
<option>
<key>2</key>
<value>En curso</value>
</option>
<option>
<key>3</key>
<value>Resuelta</value>
</option>
<option>
<key>4</key>
<value>Comentarios</value>
</option>
<option>
<key>5</key>
<value>Cerrada</value>
</option>
<option>
<key>6</key>
<value>Rechazada</value>
</option>
</options>
<MetaData>
<meta>
<key>task.meta.type</key>
<value>singleSelect</value>
</meta>
<meta>
<key>task.meta.label</key>
<value>Status:</value>
</meta>
<meta>
<key>task.meta.readOnly</key>
<value>false</value>
</meta>
</MetaData>
<Attributes/>
</Attribute>
<Attribute id="task.redmine.status.change">
<values>
<value>1</value>
</values>
<options>
<option>
<key>1</key>
<value>Nueva</value>
</option>
<option>
<key>2</key>
<value>En curso</value>
</option>
<option>
<key>3</key>
<value>Resuelta</value>
</option>
<option>
<key>4</key>
<value>Comentarios</value>
</option>
<option>
<key>5</key>
<value>Cerrada</value>
</option>
<option>
<key>6</key>
<value>Rechazada</value>
</option>
</options>
<MetaData>
<meta>
<key>task.meta.type</key>
<value>singleSelect</value>
</meta>
<meta>
<key>task.meta.attributeKind</key>
<value>task.common.kind.default</value>
</meta>
<meta>
<key>task.meta.label</key>
<value>Status:</value>
</meta>
<meta>
<key>task.meta.readOnly</key>
<value>false</value>
</meta>
</MetaData>
<Attributes/>
</Attribute>
<Attribute id="task.redmine.category">
<values>
<value/>
</values>
<options/>
<MetaData>
<meta>
<key>task.meta.type</key>
<value>singleSelect</value>
</meta>
<meta>
<key>task.meta.attributeKind</key>
<value>task.common.kind.default</value>
</meta>
<meta>
<key>task.meta.label</key>
<value>Category:</value>
</meta>
<meta>
<key>task.meta.readOnly</key>
<value>false</value>
</meta>
</MetaData>
<Attributes/>
</Attribute>
<Attribute id="task.common.version">
<values>
<value/>
</values>
<options/>
<MetaData>
<meta>
<key>task.meta.type</key>
<value>singleSelect</value>
</meta>
<meta>
<key>task.meta.attributeKind</key>
<value>task.common.kind.default</value>
</meta>
<meta>
<key>task.meta.label</key>
<value>Target version:</value>
</meta>
<meta>
<key>task.meta.readOnly</key>
<value>false</value>
</meta>
</MetaData>
<Attributes/>
</Attribute>
<Attribute id="task.redmine.progress">
<values>
<value/>
</values>
<options>
<option>
<key>0</key>
<value>0 %</value>
</option>
<option>
<key>10</key>
<value>10 %</value>
</option>
<option>
<key>20</key>
<value>20 %</value>
</option>
<option>
<key>30</key>
<value>30 %</value>
</option>
<option>
<key>40</key>
<value>40 %</value>
</option>
<option>
<key>50</key>
<value>50 %</value>
</option>
<option>
<key>60</key>
<value>60 %</value>
</option>
<option>
<key>70</key>
<value>70 %</value>
</option>
<option>
<key>80</key>
<value>80 %</value>
</option>
<option>
<key>90</key>
<value>90 %</value>
</option>
<option>
<key>100</key>
<value>100 %</value>
</option>
</options>
<MetaData>
<meta>
<key>task.meta.type</key>
<value>singleSelect</value>
</meta>
<meta>
<key>task.meta.attributeKind</key>
<value>task.common.kind.default</value>
</meta>
<meta>
<key>task.meta.label</key>
<value>Done ratio: </value>
</meta>
<meta>
<key>task.meta.readOnly</key>
<value>false</value>
</meta>
</MetaData>
<Attributes/>
</Attribute>
<Attribute id="task.redmine.estimate">
<values>
<value>0.0</value>
</values>
<options/>
<MetaData>
<meta>
<key>task.meta.type</key>
<value>estimated</value>
</meta>
<meta>
<key>task.meta.label</key>
<value>Estimated hours: </value>
</meta>
<meta>
<key>task.meta.readOnly</key>
<value>false</value>
</meta>
</MetaData>
<Attributes/>
</Attribute>
<Attribute id="task.common.date.due">
<values/>
<options/>
<MetaData>
<meta>
<key>task.meta.type</key>
<value>date</value>
</meta>
<meta>
<key>task.meta.label</key>
<value>Due Date:</value>
</meta>
<meta>
<key>task.meta.readOnly</key>
<value>false</value>
</meta>
</MetaData>
<Attributes/>
</Attribute>
<Attribute id="task.redmine.startdate">
<values>
<value>1457391600000</value>
</values>
<options/>
<MetaData>
<meta>
<key>task.meta.type</key>
<value>date</value>
</meta>
<meta>
<key>task.meta.label</key>
<value>Start Date:</value>
</meta>
<meta>
<key>task.meta.readOnly</key>
<value>false</value>
</meta>
</MetaData>
<Attributes/>
</Attribute>
<Attribute id="task.common.user.assigned">
<values>
<value>3</value>
</values>
<options>
<option>
<key>3</key>
<value>carlos castaño guillen</value>
</option>
<option>
<key>7</key>
<value>isabel maria aguila cano</value>
</option>
<option>
<key>6</key>
<value>jose andres  gonzalez ventura</value>
</option>
<option>
<key>5</key>
<value>jose manuel lopez gallardo</value>
</option>
<option>
<key>4</key>
<value>maria del mar beas lorenzo</value>
</option>
<option>
<key>1</key>
<value>Redmine Admin</value>
</option>
</options>
<MetaData>
<meta>
<key>task.meta.type</key>
<value>redmine_person</value>
</meta>
<meta>
<key>task.meta.attributeKind</key>
<value>task.common.kind.people</value>
</meta>
<meta>
<key>task.meta.label</key>
<value>Assigned To:</value>
</meta>
<meta>
<key>task.meta.readOnly</key>
<value>false</value>
</meta>
</MetaData>
<Attributes/>
</Attribute>
<Attribute id="task.redmine.timeentry.hours">
<values/>
<options/>
<MetaData>
<meta>
<key>task.meta.type</key>
<value>duration</value>
</meta>
<meta>
<key>task.meta.label</key>
<value>Spent time (hours):</value>
</meta>
<meta>
<key>task.meta.readOnly</key>
<value>false</value>
</meta>
</MetaData>
<Attributes/>
</Attribute>
<Attribute id="task.redmine.timeentry.activity">
<values/>
<options>
<option>
<key>8</key>
<value>Diseño</value>
</option>
<option>
<key>9</key>
<value>Desarrollo</value>
</option>
</options>
<MetaData>
<meta>
<key>task.meta.type</key>
<value>singleSelect</value>
</meta>
<meta>
<key>task.meta.label</key>
<value>Activity:</value>
</meta>
<meta>
<key>task.meta.readOnly</key>
<value>false</value>
</meta>
</MetaData>
<Attributes/>
</Attribute>
<Attribute id="task.redmine.timeentry.comments">
<values/>
<options/>
<MetaData>
<meta>
<key>task.meta.type</key>
<value>longText</value>
</meta>
<meta>
<key>task.meta.label</key>
<value>Comment:</value>
</meta>
<meta>
<key>task.meta.readOnly</key>
<value>false</value>
</meta>
</MetaData>
<Attributes/>
</Attribute>
<Attribute id="task.redmine.watchers">
<values/>
<options>
<option>
<key>1</key>
<value>Redmine Admin</value>
</option>
<option>
<key>2</key>
<value>Anónimo</value>
</option>
<option>
<key>3</key>
<value>carlos castaño guillen</value>
</option>
<option>
<key>4</key>
<value>maria del mar beas lorenzo</value>
</option>
<option>
<key>5</key>
<value>jose manuel lopez gallardo</value>
</option>
<option>
<key>6</key>
<value>jose andres  gonzalez ventura</value>
</option>
<option>
<key>7</key>
<value>isabel maria aguila cano</value>
</option>
</options>
<MetaData>
<meta>
<key>task.meta.type</key>
<value>watchers</value>
</meta>
<meta>
<key>task.meta.label</key>
<value>Watchers </value>
</meta>
<meta>
<key>task.meta.readOnly</key>
<value>false</value>
</meta>
</MetaData>
<Attributes>
<Attribute id="task.redmine.watchers.add">
<values/>
<options>
<option>
<key>3</key>
<value>carlos castaño guillen</value>
</option>
<option>
<key>7</key>
<value>isabel maria aguila cano</value>
</option>
<option>
<key>6</key>
<value>jose andres  gonzalez ventura</value>
</option>
<option>
<key>5</key>
<value>jose manuel lopez gallardo</value>
</option>
<option>
<key>4</key>
<value>maria del mar beas lorenzo</value>
</option>
<option>
<key>1</key>
<value>Redmine Admin</value>
</option>
</options>
<MetaData>
<meta>
<key>task.meta.label</key>
<value>Add watcher</value>
</meta>
</MetaData>
<Attributes/>
</Attribute>
<Attribute id="task.redmine.watchers.remove">
<values/>
<options/>
<MetaData/>
<Attributes/>
</Attribute>
</Attributes>
</Attribute>
<Attribute id="task.common.operation">
<values>
<value>none</value>
</values>
<options/>
<MetaData>
<meta>
<key>task.meta.readOnly</key>
<value>true</value>
</meta>
<meta>
<key>task.meta.type</key>
<value>operation</value>
</meta>
<meta>
<key>task.meta.required</key>
<value>false</value>
</meta>
<meta>
<key>task.meta.disabled</key>
<value>false</value>
</meta>
</MetaData>
<Attributes/>
</Attribute>
<Attribute id="task.common.operation-none">
<values>
<value>none</value>
</values>
<options/>
<MetaData>
<meta>
<key>task.meta.readOnly</key>
<value>true</value>
</meta>
<meta>
<key>task.meta.type</key>
<value>operation</value>
</meta>
<meta>
<key>task.meta.required</key>
<value>false</value>
</meta>
<meta>
<key>task.meta.label</key>
<value>Leave as Nueva</value>
</meta>
<meta>
<key>task.meta.disabled</key>
<value>false</value>
</meta>
<meta>
<key>task.redmine.operation.restorevalue</key>
<value>1</value>
</meta>
</MetaData>
<Attributes/>
</Attribute>
<Attribute id="task.common.operation-markas">
<values>
<value>markas</value>
</values>
<options/>
<MetaData>
<meta>
<key>task.meta.readOnly</key>
<value>true</value>
</meta>
<meta>
<key>task.meta.type</key>
<value>operation</value>
</meta>
<meta>
<key>task.meta.required</key>
<value>false</value>
</meta>
<meta>
<key>task.meta.label</key>
<value>Mark as</value>
</meta>
<meta>
<key>task.meta.disabled</key>
<value>false</value>
</meta>
<meta>
<key>task.meta.associated.attribute</key>
<value>task.redmine.status.change</value>
</meta>
</MetaData>
<Attributes/>
</Attribute>
<Attribute id="task.redmine.timeentry.total">
<values>
<value>0.0</value>
</values>
<options/>
<MetaData/>
<Attributes/>
</Attribute>
</Attributes>
</Attribute>
</Attributes>
</NewData>
</TaskState>
